{"11":[{"id":1101,"id_provinsi":"11","nama":"Kabupaten Simeulue"},{"id":1102,"id_provinsi":"11","nama":"Kabupaten Aceh Singkil"},{"id":1103,"id_provinsi":"11","nama":"Kabupaten Aceh Selatan"},{"id":1104,"id_provinsi":"11","nama":"Kabupaten Aceh Tenggara"},{"id":1105,"id_provinsi":"11","nama":"Kabupaten Aceh Timur"},{"id":1106,"id_provinsi":"11","nama":"Kabupaten Aceh Tengah"},{"id":1107,"id_provinsi":"11","nama":"Kabupaten Aceh Barat"},{"id":1108,"id_provinsi":"11","nama":"Kabupaten Aceh Besar"},{"id":1109,"id_provinsi":"11","nama":"Kabupaten Pidie"},{"id":1110,"id_provinsi":"11","nama":"Kabupaten Bireuen"},{"id":1111,"id_provinsi":"11","nama":"Kabupaten Aceh Utara"},{"id":1112,"id_provinsi":"11","nama":"Kabupaten Aceh Barat Daya"},{"id":1113,"id_provinsi":"11","nama":"Kabupaten Gayo Lues"},{"id":1114,"id_provinsi":"11","nama":"Kabupaten Aceh Tamiang"},{"id":1115,"id_provinsi":"11","nama":"Kabupaten Nagan Raya"},{"id":1116,"id_provinsi":"11","nama":"Kabupaten Aceh Jaya"},{"id":1117,"id_provinsi":"11","nama":"Kabupaten Bener Meriah"},{"id":1118,"id_provinsi":"11","nama":"Kabupaten Pidie Jaya"},{"id":1171,"id_provinsi":"11","nama":"Kota Banda Aceh"},{"id":1172,"id_provinsi":"11","nama":"Kota Sabang"},{"id":1173,"id_provinsi":"11","nama":"Kota Langsa"},{"id":1174,"id_provinsi":"11","nama":"Kota Lhokseumawe"},{"id":1175,"id_provinsi":"11","nama":"Kota Subulussalam"}],"12":[{"id":1201,"id_provinsi":"12","nama":"Kabupaten Nias"},{"id":1202,"id_provinsi":"12","nama":"Kabupaten Mandailing Natal"},{"id":1203,"id_provinsi":"12","nama":"Kabupaten Tapanuli Selatan"},{"id":1204,"id_provinsi":"12","nama":"Kabupaten Tapanuli Tengah"},{"id":1205,"id_provinsi":"12","nama":"Kabupaten Tapanuli Utara"},{"id":1206,"id_provinsi":"12","nama":"Kabupaten Toba Samosir"},{"id":1207,"id_provinsi":"12","nama":"Kabupaten Labuhan Batu"},{"id":1208,"id_provinsi":"12","nama":"Kabupaten Asahan"},{"id":1209,"id_provinsi":"12","nama":"Kabupaten Simalungun"},{"id":1210,"id_provinsi":"12","nama":"Kabupaten Dairi"},{"id":1211,"id_provinsi":"12","nama":"Kabupaten Karo"},{"id":1212,"id_provinsi":"12","nama":"Kabupaten Deli Serdang"},{"id":1213,"id_provinsi":"12","nama":"Kabupaten Langkat"},{"id":1214,"id_provinsi":"12","nama":"Kabupaten Nias Selatan"},{"id":1215,"id_provinsi":"12","nama":"Kabupaten Humbang Hasundutan"},{"id":1216,"id_provinsi":"12","nama":"Kabupaten Pakpak Bharat"},{"id":1217,"id_provinsi":"12","nama":"Kabupaten Samosir"},{"id":1218,"id_provinsi":"12","nama":"Kabupaten Serdang Bedagai"},{"id":1219,"id_provinsi":"12","nama":"Kabupaten Batu Bara"},{"id":1220,"id_provinsi":"12","nama":"Kabupaten Padang Lawas Utara"},{"id":1221,"id_provinsi":"12","nama":"Kabupaten Padang Lawas"},{"id":1222,"id_provinsi":"12","nama":"Kabupaten Labuhan Batu Selatan"},{"id":1223,"id_provinsi":"12","nama":"Kabupaten Labuhan Batu Utara"},{"id":1224,"id_provinsi":"12","nama":"Kabupaten Nias Utara"},{"id":1225,"id_provinsi":"12","nama":"Kabupaten Nias Barat"},{"id":1271,"id_provinsi":"12","nama":"Kota Sibolga"},{"id":1272,"id_provinsi":"12","nama":"Kota Tanjung Balai"},{"id":1273,"id_provinsi":"12","nama":"Kota Pematang Siantar"},{"id":1274,"id_provinsi":"12","nama":"Kota Tebing Tinggi"},{"id":1275,"id_provinsi":"12","nama":"Kota Medan"},{"id":1276,"id_provinsi":"12","nama":"Kota Binjai"},{"id":1277,"id_provinsi":"12","nama":"Kota Padangsidimpuan"},{"id":1278,"id_provinsi":"12","nama":"Kota Gunungsitoli"}],"13":[{"id":1301,"id_provinsi":"13","nama":"Kabupaten Kepulauan Mentawai"},{"id":1302,"id_provinsi":"13","nama":"Kabupaten Pesisir Selatan"},{"id":1303,"id_provinsi":"13","nama":"Kabupaten Solok"},{"id":1304,"id_provinsi":"13","nama":"Kabupaten Sijunjung"},{"id":1305,"id_provinsi":"13","nama":"Kabupaten Tanah Datar"},{"id":1306,"id_provinsi":"13","nama":"Kabupaten Padang Pariaman"},{"id":1307,"id_provinsi":"13","nama":"Kabupaten Agam"},{"id":1308,"id_provinsi":"13","nama":"Kabupaten Lima Puluh Kota"},{"id":1309,"id_provinsi":"13","nama":"Kabupaten Pasaman"},{"id":1310,"id_provinsi":"13","nama":"Kabupaten Solok Selatan"},{"id":1311,"id_provinsi":"13","nama":"Kabupaten Dharmasraya"},{"id":1312,"id_provinsi":"13","nama":"Kabupaten Pasaman Barat"},{"id":1371,"id_provinsi":"13","nama":"Kota Padang"},{"id":1372,"id_provinsi":"13","nama":"Kota Solok"},{"id":1373,"id_provinsi":"13","nama":"Kota Sawah Lunto"},{"id":1374,"id_provinsi":"13","nama":"Kota Padang Panjang"},{"id":1375,"id_provinsi":"13","nama":"Kota Bukittinggi"},{"id":1376,"id_provinsi":"13","nama":"Kota Payakumbuh"},{"id":1377,"id_provinsi":"13","nama":"Kota Pariaman"}],"14":[{"id":1401,"id_provinsi":"14","nama":"Kabupaten Kuantan Singingi"},{"id":1402,"id_provinsi":"14","nama":"Kabupaten Indragiri Hulu"},{"id":1403,"id_provinsi":"14","nama":"Kabupaten Indragiri Hilir"},{"id":1404,"id_provinsi":"14","nama":"Kabupaten Pelalawan"},{"id":1405,"id_provinsi":"14","nama":"Kabupaten S I A K"},{"id":1406,"id_provinsi":"14","nama":"Kabupaten Kampar"},{"id":1407,"id_provinsi":"14","nama":"Kabupaten Rokan Hulu"},{"id":1408,"id_provinsi":"14","nama":"Kabupaten Bengkalis"},{"id":1409,"id_provinsi":"14","nama":"Kabupaten Rokan Hilir"},{"id":1410,"id_provinsi":"14","nama":"Kabupaten Kepulauan Meranti"},{"id":1471,"id_provinsi":"14","nama":"Kota Pekanbaru"},{"id":1473,"id_provinsi":"14","nama":"Kota D U M A I"}],"15":[{"id":1501,"id_provinsi":"15","nama":"Kabupaten Kerinci"},{"id":1502,"id_provinsi":"15","nama":"Kabupaten Merangin"},{"id":1503,"id_provinsi":"15","nama":"Kabupaten Sarolangun"},{"id":1504,"id_provinsi":"15","nama":"Kabupaten Batang Hari"},{"id":1505,"id_provinsi":"15","nama":"Kabupaten Muaro Jambi"},{"id":1506,"id_provinsi":"15","nama":"Kabupaten Tanjung Jabung Timur"},{"id":1507,"id_provinsi":"15","nama":"Kabupaten Tanjung Jabung Barat"},{"id":1508,"id_provinsi":"15","nama":"Kabupaten Tebo"},{"id":1509,"id_provinsi":"15","nama":"Kabupaten Bungo"},{"id":1571,"id_provinsi":"15","nama":"Kota Jambi"},{"id":1572,"id_provinsi":"15","nama":"Kota Sungai Penuh"}],"16":[{"id":1601,"id_provinsi":"16","nama":"Kabupaten Ogan Komering Ulu"},{"id":1602,"id_provinsi":"16","nama":"Kabupaten Ogan Komering Ilir"},{"id":1603,"id_provinsi":"16","nama":"Kabupaten Muara Enim"},{"id":1604,"id_provinsi":"16","nama":"Kabupaten Lahat"},{"id":1605,"id_provinsi":"16","nama":"Kabupaten Musi Rawas"},{"id":1606,"id_provinsi":"16","nama":"Kabupaten Musi Banyuasin"},{"id":1607,"id_provinsi":"16","nama":"Kabupaten Banyu Asin"},{"id":1608,"id_provinsi":"16","nama":"Kabupaten Ogan Komering Ulu Selatan"},{"id":1609,"id_provinsi":"16","nama":"Kabupaten Ogan Komering Ulu Timur"},{"id":1610,"id_provinsi":"16","nama":"Kabupaten Ogan Ilir"},{"id":1611,"id_provinsi":"16","nama":"Kabupaten Empat Lawang"},{"id":1612,"id_provinsi":"16","nama":"Kabupaten Penukal Abab Lematang Ilir"},{"id":1613,"id_provinsi":"16","nama":"Kabupaten Musi Rawas Utara"},{"id":1671,"id_provinsi":"16","nama":"Kota Palembang"},{"id":1672,"id_provinsi":"16","nama":"Kota Prabumulih"},{"id":1673,"id_provinsi":"16","nama":"Kota Pagar Alam"},{"id":1674,"id_provinsi":"16","nama":"Kota Lubuklinggau"}],"17":[{"id":1701,"id_provinsi":"17","nama":"Kabupaten Bengkulu Selatan"},{"id":1702,"id_provinsi":"17","nama":"Kabupaten Rejang Lebong"},{"id":1703,"id_provinsi":"17","nama":"Kabupaten Bengkulu Utara"},{"id":1704,"id_provinsi":"17","nama":"Kabupaten Kaur"},{"id":1705,"id_provinsi":"17","nama":"Kabupaten Seluma"},{"id":1706,"id_provinsi":"17","nama":"Kabupaten Mukomuko"},{"id":1707,"id_provinsi":"17","nama":"Kabupaten Lebong"},{"id":1708,"id_provinsi":"17","nama":"Kabupaten Kepahiang"},{"id":1709,"id_provinsi":"17","nama":"Kabupaten Bengkulu Tengah"},{"id":1771,"id_provinsi":"17","nama":"Kota Bengkulu"}],"18":[{"id":1801,"id_provinsi":"18","nama":"Kabupaten Lampung Barat"},{"id":1802,"id_provinsi":"18","nama":"Kabupaten Tanggamus"},{"id":1803,"id_provinsi":"18","nama":"Kabupaten Lampung Selatan"},{"id":1804,"id_provinsi":"18","nama":"Kabupaten Lampung Timur"},{"id":1805,"id_provinsi":"18","nama":"Kabupaten Lampung Tengah"},{"id":1806,"id_provinsi":"18","nama":"Kabupaten Lampung Utara"},{"id":1807,"id_provinsi":"18","nama":"Kabupaten Way Kanan"},{"id":1808,"id_provinsi":"18","nama":"Kabupaten Tulangbawang"},{"id":1809,"id_provinsi":"18","nama":"Kabupaten Pesawaran"},{"id":1810,"id_provinsi":"18","nama":"Kabupaten Pringsewu"},{"id":1811,"id_provinsi":"18","nama":"Kabupaten Mesuji"},{"id":1812,"id_provinsi":"18","nama":"Kabupaten Tulang Bawang Barat"},{"id":1813,"id_provinsi":"18","nama":"Kabupaten Pesisir Barat"},{"id":1871,"id_provinsi":"18","nama":"Kota Bandar Lampung"},{"id":1872,"id_provinsi":"18","nama":"Kota Metro"}],"19":[{"id":1901,"id_provinsi":"19","nama":"Kabupaten Bangka"},{"id":1902,"id_provinsi":"19","nama":"Kabupaten Belitung"},{"id":1903,"id_provinsi":"19","nama":"Kabupaten Bangka Barat"},{"id":1904,"id_provinsi":"19","nama":"Kabupaten Bangka Tengah"},{"id":1905,"id_provinsi":"19","nama":"Kabupaten Bangka Selatan"},{"id":1906,"id_provinsi":"19","nama":"Kabupaten Belitung Timur"},{"id":1971,"id_provinsi":"19","nama":"Kota Pangkal Pinang"}],"21":[{"id":2101,"id_provinsi":"21","nama":"Kabupaten Karimun"},{"id":2102,"id_provinsi":"21","nama":"Kabupaten Bintan"},{"id":2103,"id_provinsi":"21","nama":"Kabupaten Natuna"},{"id":2104,"id_provinsi":"21","nama":"Kabupaten Lingga"},{"id":2105,"id_provinsi":"21","nama":"Kabupaten Kepulauan Anambas"},{"id":2171,"id_provinsi":"21","nama":"Kota B A T A M"},{"id":2172,"id_provinsi":"21","nama":"Kota Tanjung Pinang"}],"31":[{"id":3101,"id_provinsi":"31","nama":"Kabupaten Kepulauan Seribu"},{"id":3171,"id_provinsi":"31","nama":"Kota Jakarta Selatan"},{"id":3172,"id_provinsi":"31","nama":"Kota Jakarta Timur"},{"id":3173,"id_provinsi":"31","nama":"Kota Jakarta Pusat"},{"id":3174,"id_provinsi":"31","nama":"Kota Jakarta Barat"},{"id":3175,"id_provinsi":"31","nama":"Kota Jakarta Utara"}],"32":[{"id":3201,"id_provinsi":"32","nama":"Kabupaten Bogor"},{"id":3202,"id_provinsi":"32","nama":"Kabupaten Sukabumi"},{"id":3203,"id_provinsi":"32","nama":"Kabupaten Cianjur"},{"id":3204,"id_provinsi":"32","nama":"Kabupaten Bandung"},{"id":3205,"id_provinsi":"32","nama":"Kabupaten Garut"},{"id":3206,"id_provinsi":"32","nama":"Kabupaten Tasikmalaya"},{"id":3207,"id_provinsi":"32","nama":"Kabupaten Ciamis"},{"id":3208,"id_provinsi":"32","nama":"Kabupaten Kuningan"},{"id":3209,"id_provinsi":"32","nama":"Kabupaten Cirebon"},{"id":3210,"id_provinsi":"32","nama":"Kabupaten Majalengka"},{"id":3211,"id_provinsi":"32","nama":"Kabupaten Sumedang"},{"id":3212,"id_provinsi":"32","nama":"Kabupaten Indramayu"},{"id":3213,"id_provinsi":"32","nama":"Kabupaten Subang"},{"id":3214,"id_provinsi":"32","nama":"Kabupaten Purwakarta"},{"id":3215,"id_provinsi":"32","nama":"Kabupaten Karawang"},{"id":3216,"id_provinsi":"32","nama":"Kabupaten Bekasi"},{"id":3217,"id_provinsi":"32","nama":"Kabupaten Bandung Barat"},{"id":3218,"id_provinsi":"32","nama":"Kabupaten Pangandaran"},{"id":3271,"id_provinsi":"32","nama":"Kota Bogor"},{"id":3272,"id_provinsi":"32","nama":"Kota Sukabumi"},{"id":3273,"id_provinsi":"32","nama":"Kota Bandung"},{"id":3274,"id_provinsi":"32","nama":"Kota Cirebon"},{"id":3275,"id_provinsi":"32","nama":"Kota Bekasi"},{"id":3276,"id_provinsi":"32","nama":"Kota Depok"},{"id":3277,"id_provinsi":"32","nama":"Kota Cimahi"},{"id":3278,"id_provinsi":"32","nama":"Kota Tasikmalaya"},{"id":3279,"id_provinsi":"32","nama":"Kota Banjar"}],"33":[{"id":3301,"id_provinsi":"33","nama":"Kabupaten Cilacap"},{"id":3302,"id_provinsi":"33","nama":"Kabupaten Banyumas"},{"id":3303,"id_provinsi":"33","nama":"Kabupaten Purbalingga"},{"id":3304,"id_provinsi":"33","nama":"Kabupaten Banjarnegara"},{"id":3305,"id_provinsi":"33","nama":"Kabupaten Kebumen"},{"id":3306,"id_provinsi":"33","nama":"Kabupaten Purworejo"},{"id":3307,"id_provinsi":"33","nama":"Kabupaten Wonosobo"},{"id":3308,"id_provinsi":"33","nama":"Kabupaten Magelang"},{"id":3309,"id_provinsi":"33","nama":"Kabupaten Boyolali"},{"id":3310,"id_provinsi":"33","nama":"Kabupaten Klaten"},{"id":3311,"id_provinsi":"33","nama":"Kabupaten Sukoharjo"},{"id":3312,"id_provinsi":"33","nama":"Kabupaten Wonogiri"},{"id":3313,"id_provinsi":"33","nama":"Kabupaten Karanganyar"},{"id":3314,"id_provinsi":"33","nama":"Kabupaten Sragen"},{"id":3315,"id_provinsi":"33","nama":"Kabupaten Grobogan"},{"id":3316,"id_provinsi":"33","nama":"Kabupaten Blora"},{"id":3317,"id_provinsi":"33","nama":"Kabupaten Rembang"},{"id":3318,"id_provinsi":"33","nama":"Kabupaten Pati"},{"id":3319,"id_provinsi":"33","nama":"Kabupaten Kudus"},{"id":3320,"id_provinsi":"33","nama":"Kabupaten Jepara"},{"id":3321,"id_provinsi":"33","nama":"Kabupaten Demak"},{"id":3322,"id_provinsi":"33","nama":"Kabupaten Semarang"},{"id":3323,"id_provinsi":"33","nama":"Kabupaten Temanggung"},{"id":3324,"id_provinsi":"33","nama":"Kabupaten Kendal"},{"id":3325,"id_provinsi":"33","nama":"Kabupaten Batang"},{"id":3326,"id_provinsi":"33","nama":"Kabupaten Pekalongan"},{"id":3327,"id_provinsi":"33","nama":"Kabupaten Pemalang"},{"id":3328,"id_provinsi":"33","nama":"Kabupaten Tegal"},{"id":3329,"id_provinsi":"33","nama":"Kabupaten Brebes"},{"id":3371,"id_provinsi":"33","nama":"Kota Magelang"},{"id":3372,"id_provinsi":"33","nama":"Kota Surakarta"},{"id":3373,"id_provinsi":"33","nama":"Kota Salatiga"},{"id":3374,"id_provinsi":"33","nama":"Kota Semarang"},{"id":3375,"id_provinsi":"33","nama":"Kota Pekalongan"},{"id":3376,"id_provinsi":"33","nama":"Kota Tegal"}],"34":[{"id":3401,"id_provinsi":"34","nama":"Kabupaten Kulon Progo"},{"id":3402,"id_provinsi":"34","nama":"Kabupaten Bantul"},{"id":3403,"id_provinsi":"34","nama":"Kabupaten Gunung Kidul"},{"id":3404,"id_provinsi":"34","nama":"Kabupaten Sleman"},{"id":3471,"id_provinsi":"34","nama":"Kota Yogyakarta"}],"35":[{"id":3501,"id_provinsi":"35","nama":"Kabupaten Pacitan"},{"id":3502,"id_provinsi":"35","nama":"Kabupaten Ponorogo"},{"id":3503,"id_provinsi":"35","nama":"Kabupaten Trenggalek"},{"id":3504,"id_provinsi":"35","nama":"Kabupaten Tulungagung"},{"id":3505,"id_provinsi":"35","nama":"Kabupaten Blitar"},{"id":3506,"id_provinsi":"35","nama":"Kabupaten Kediri"},{"id":3507,"id_provinsi":"35","nama":"Kabupaten Malang"},{"id":3508,"id_provinsi":"35","nama":"Kabupaten Lumajang"},{"id":3509,"id_provinsi":"35","nama":"Kabupaten Jember"},{"id":3510,"id_provinsi":"35","nama":"Kabupaten Banyuwangi"},{"id":3511,"id_provinsi":"35","nama":"Kabupaten Bondowoso"},{"id":3512,"id_provinsi":"35","nama":"Kabupaten Situbondo"},{"id":3513,"id_provinsi":"35","nama":"Kabupaten Probolinggo"},{"id":3514,"id_provinsi":"35","nama":"Kabupaten Pasuruan"},{"id":3515,"id_provinsi":"35","nama":"Kabupaten Sidoarjo"},{"id":3516,"id_provinsi":"35","nama":"Kabupaten Mojokerto"},{"id":3517,"id_provinsi":"35","nama":"Kabupaten Jombang"},{"id":3518,"id_provinsi":"35","nama":"Kabupaten Nganjuk"},{"id":3519,"id_provinsi":"35","nama":"Kabupaten Madiun"},{"id":3520,"id_provinsi":"35","nama":"Kabupaten Magetan"},{"id":3521,"id_provinsi":"35","nama":"Kabupaten Ngawi"},{"id":3522,"id_provinsi":"35","nama":"Kabupaten Bojonegoro"},{"id":3523,"id_provinsi":"35","nama":"Kabupaten Tuban"},{"id":3524,"id_provinsi":"35","nama":"Kabupaten Lamongan"},{"id":3525,"id_provinsi":"35","nama":"Kabupaten Gresik"},{"id":3526,"id_provinsi":"35","nama":"Kabupaten Bangkalan"},{"id":3527,"id_provinsi":"35","nama":"Kabupaten Sampang"},{"id":3528,"id_provinsi":"35","nama":"Kabupaten Pamekasan"},{"id":3529,"id_provinsi":"35","nama":"Kabupaten Sumenep"},{"id":3571,"id_provinsi":"35","nama":"Kota Kediri"},{"id":3572,"id_provinsi":"35","nama":"Kota Blitar"},{"id":3573,"id_provinsi":"35","nama":"Kota Malang"},{"id":3574,"id_provinsi":"35","nama":"Kota Probolinggo"},{"id":3575,"id_provinsi":"35","nama":"Kota Pasuruan"},{"id":3576,"id_provinsi":"35","nama":"Kota Mojokerto"},{"id":3577,"id_provinsi":"35","nama":"Kota Madiun"},{"id":3578,"id_provinsi":"35","nama":"Kota Surabaya"},{"id":3579,"id_provinsi":"35","nama":"Kota Batu"}],"36":[{"id":3601,"id_provinsi":"36","nama":"Kabupaten Pandeglang"},{"id":3602,"id_provinsi":"36","nama":"Kabupaten Lebak"},{"id":3603,"id_provinsi":"36","nama":"Kabupaten Tangerang"},{"id":3604,"id_provinsi":"36","nama":"Kabupaten Serang"},{"id":3671,"id_provinsi":"36","nama":"Kota Tangerang"},{"id":3672,"id_provinsi":"36","nama":"Kota Cilegon"},{"id":3673,"id_provinsi":"36","nama":"Kota Serang"},{"id":3674,"id_provinsi":"36","nama":"Kota Tangerang Selatan"}],"51":[{"id":5101,"id_provinsi":"51","nama":"Kabupaten Jembrana"},{"id":5102,"id_provinsi":"51","nama":"Kabupaten Tabanan"},{"id":5103,"id_provinsi":"51","nama":"Kabupaten Badung"},{"id":5104,"id_provinsi":"51","nama":"Kabupaten Gianyar"},{"id":5105,"id_provinsi":"51","nama":"Kabupaten Klungkung"},{"id":5106,"id_provinsi":"51","nama":"Kabupaten Bangli"},{"id":5107,"id_provinsi":"51","nama":"Kabupaten Karang Asem"},{"id":5108,"id_provinsi":"51","nama":"Kabupaten Buleleng"},{"id":5171,"id_provinsi":"51","nama":"Kota Denpasar"}],"52":[{"id":5201,"id_provinsi":"52","nama":"Kabupaten Lombok Barat"},{"id":5202,"id_provinsi":"52","nama":"Kabupaten Lombok Tengah"},{"id":5203,"id_provinsi":"52","nama":"Kabupaten Lombok Timur"},{"id":5204,"id_provinsi":"52","nama":"Kabupaten Sumbawa"},{"id":5205,"id_provinsi":"52","nama":"Kabupaten Dompu"},{"id":5206,"id_provinsi":"52","nama":"Kabupaten Bima"},{"id":5207,"id_provinsi":"52","nama":"Kabupaten Sumbawa Barat"},{"id":5208,"id_provinsi":"52","nama":"Kabupaten Lombok Utara"},{"id":5271,"id_provinsi":"52","nama":"Kota Mataram"},{"id":5272,"id_provinsi":"52","nama":"Kota Bima"}],"53":[{"id":5301,"id_provinsi":"53","nama":"Kabupaten Sumba Barat"},{"id":5302,"id_provinsi":"53","nama":"Kabupaten Sumba Timur"},{"id":5303,"id_provinsi":"53","nama":"Kabupaten Kupang"},{"id":5304,"id_provinsi":"53","nama":"Kabupaten Timor Tengah Selatan"},{"id":5305,"id_provinsi":"53","nama":"Kabupaten Timor Tengah Utara"},{"id":5306,"id_provinsi":"53","nama":"Kabupaten Belu"},{"id":5307,"id_provinsi":"53","nama":"Kabupaten Alor"},{"id":5308,"id_provinsi":"53","nama":"Kabupaten Lembata"},{"id":5309,"id_provinsi":"53","nama":"Kabupaten Flores Timur"},{"id":5310,"id_provinsi":"53","nama":"Kabupaten Sikka"},{"id":5311,"id_provinsi":"53","nama":"Kabupaten Ende"},{"id":5312,"id_provinsi":"53","nama":"Kabupaten Ngada"},{"id":5313,"id_provinsi":"53","nama":"Kabupaten Manggarai"},{"id":5314,"id_provinsi":"53","nama":"Kabupaten Rote Ndao"},{"id":5315,"id_provinsi":"53","nama":"Kabupaten Manggarai Barat"},{"id":5316,"id_provinsi":"53","nama":"Kabupaten Sumba Tengah"},{"id":5317,"id_provinsi":"53","nama":"Kabupaten Sumba Barat Daya"},{"id":5318,"id_provinsi":"53","nama":"Kabupaten Nagekeo"},{"id":5319,"id_provinsi":"53","nama":"Kabupaten Manggarai Timur"},{"id":5320,"id_provinsi":"53","nama":"Kabupaten Sabu Raijua"},{"id":5321,"id_provinsi":"53","nama":"Kabupaten Malaka"},{"id":5371,"id_provinsi":"53","nama":"Kota Kupang"}],"61":[{"id":6101,"id_provinsi":"61","nama":"Kabupaten Sambas"},{"id":6102,"id_provinsi":"61","nama":"Kabupaten Bengkayang"},{"id":6103,"id_provinsi":"61","nama":"Kabupaten Landak"},{"id":6104,"id_provinsi":"61","nama":"Kabupaten Mempawah"},{"id":6105,"id_provinsi":"61","nama":"Kabupaten Sanggau"},{"id":6106,"id_provinsi":"61","nama":"Kabupaten Ketapang"},{"id":6107,"id_provinsi":"61","nama":"Kabupaten Sintang"},{"id":6108,"id_provinsi":"61","nama":"Kabupaten Kapuas Hulu"},{"id":6109,"id_provinsi":"61","nama":"Kabupaten Sekadau"},{"id":6110,"id_provinsi":"61","nama":"Kabupaten Melawi"},{"id":6111,"id_provinsi":"61","nama":"Kabupaten Kayong Utara"},{"id":6112,"id_provinsi":"61","nama":"Kabupaten Kubu Raya"},{"id":6171,"id_provinsi":"61","nama":"Kota Pontianak"},{"id":6172,"id_provinsi":"61","nama":"Kota Singkawang"}],"62":[{"id":6201,"id_provinsi":"62","nama":"Kabupaten Kotawaringin Barat"},{"id":6202,"id_provinsi":"62","nama":"Kabupaten Kotawaringin Timur"},{"id":6203,"id_provinsi":"62","nama":"Kabupaten Kapuas"},{"id":6204,"id_provinsi":"62","nama":"Kabupaten Barito Selatan"},{"id":6205,"id_provinsi":"62","nama":"Kabupaten Barito Utara"},{"id":6206,"id_provinsi":"62","nama":"Kabupaten Sukamara"},{"id":6207,"id_provinsi":"62","nama":"Kabupaten Lamandau"},{"id":6208,"id_provinsi":"62","nama":"Kabupaten Seruyan"},{"id":6209,"id_provinsi":"62","nama":"Kabupaten Katingan"},{"id":6210,"id_provinsi":"62","nama":"Kabupaten Pulang Pisau"},{"id":6211,"id_provinsi":"62","nama":"Kabupaten Gunung Mas"},{"id":6212,"id_provinsi":"62","nama":"Kabupaten Barito Timur"},{"id":6213,"id_provinsi":"62","nama":"Kabupaten Murung Raya"},{"id":6271,"id_provinsi":"62","nama":"Kota Palangka Raya"}],"63":[{"id":6301,"id_provinsi":"63","nama":"Kabupaten Tanah Laut"},{"id":6302,"id_provinsi":"63","nama":"Kabupaten Kota Baru"},{"id":6303,"id_provinsi":"63","nama":"Kabupaten Banjar"},{"id":6304,"id_provinsi":"63","nama":"Kabupaten Barito Kuala"},{"id":6305,"id_provinsi":"63","nama":"Kabupaten Tapin"},{"id":6306,"id_provinsi":"63","nama":"Kabupaten Hulu Sungai Selatan"},{"id":6307,"id_provinsi":"63","nama":"Kabupaten Hulu Sungai Tengah"},{"id":6308,"id_provinsi":"63","nama":"Kabupaten Hulu Sungai Utara"},{"id":6309,"id_provinsi":"63","nama":"Kabupaten Tabalong"},{"id":6310,"id_provinsi":"63","nama":"Kabupaten Tanah Bumbu"},{"id":6311,"id_provinsi":"63","nama":"Kabupaten Balangan"},{"id":6371,"id_provinsi":"63","nama":"Kota Banjarmasin"},{"id":6372,"id_provinsi":"63","nama":"Kota Banjar Baru"}],"64":[{"id":6401,"id_provinsi":"64","nama":"Kabupaten Paser"},{"id":6402,"id_provinsi":"64","nama":"Kabupaten Kutai Barat"},{"id":6403,"id_provinsi":"64","nama":"Kabupaten Kutai Kartanegara"},{"id":6404,"id_provinsi":"64","nama":"Kabupaten Kutai Timur"},{"id":6405,"id_provinsi":"64","nama":"Kabupaten Berau"},{"id":6409,"id_provinsi":"64","nama":"Kabupaten Penajam Paser Utara"},{"id":6411,"id_provinsi":"64","nama":"Kabupaten Mahakam Hulu"},{"id":6471,"id_provinsi":"64","nama":"Kota Balikpapan"},{"id":6472,"id_provinsi":"64","nama":"Kota Samarinda"},{"id":6474,"id_provinsi":"64","nama":"Kota Bontang"}],"65":[{"id":6501,"id_provinsi":"65","nama":"Kabupaten Malinau"},{"id":6502,"id_provinsi":"65","nama":"Kabupaten Bulungan"},{"id":6503,"id_provinsi":"65","nama":"Kabupaten Tana Tidung"},{"id":6504,"id_provinsi":"65","nama":"Kabupaten Nunukan"},{"id":6571,"id_provinsi":"65","nama":"Kota Tarakan"}],"71":[{"id":7101,"id_provinsi":"71","nama":"Kabupaten Bolaang Mongondow"},{"id":7102,"id_provinsi":"71","nama":"Kabupaten Minahasa"},{"id":7103,"id_provinsi":"71","nama":"Kabupaten Kepulauan Sangihe"},{"id":7104,"id_provinsi":"71","nama":"Kabupaten Kepulauan Talaud"},{"id":7105,"id_provinsi":"71","nama":"Kabupaten Minahasa Selatan"},{"id":7106,"id_provinsi":"71","nama":"Kabupaten Minahasa Utara"},{"id":7107,"id_provinsi":"71","nama":"Kabupaten Bolaang Mongondow Utara"},{"id":7108,"id_provinsi":"71","nama":"Kabupaten Siau Tagulandang Biaro"},{"id":7109,"id_provinsi":"71","nama":"Kabupaten Minahasa Tenggara"},{"id":7110,"id_provinsi":"71","nama":"Kabupaten Bolaang Mongondow Selatan"},{"id":7111,"id_provinsi":"71","nama":"Kabupaten Bolaang Mongondow Timur"},{"id":7171,"id_provinsi":"71","nama":"Kota Manado"},{"id":7172,"id_provinsi":"71","nama":"Kota Bitung"},{"id":7173,"id_provinsi":"71","nama":"Kota Tomohon"},{"id":7174,"id_provinsi":"71","nama":"Kota Kotamobagu"}],"72":[{"id":7201,"id_provinsi":"72","nama":"Kabupaten Banggai Kepulauan"},{"id":7202,"id_provinsi":"72","nama":"Kabupaten Banggai"},{"id":7203,"id_provinsi":"72","nama":"Kabupaten Morowali"},{"id":7204,"id_provinsi":"72","nama":"Kabupaten Poso"},{"id":7205,"id_provinsi":"72","nama":"Kabupaten Donggala"},{"id":7206,"id_provinsi":"72","nama":"Kabupaten Toli-toli"},{"id":7207,"id_provinsi":"72","nama":"Kabupaten Buol"},{"id":7208,"id_provinsi":"72","nama":"Kabupaten Parigi Moutong"},{"id":7209,"id_provinsi":"72","nama":"Kabupaten Tojo Una-una"},{"id":7210,"id_provinsi":"72","nama":"Kabupaten Sigi"},{"id":7211,"id_provinsi":"72","nama":"Kabupaten Banggai Laut"},{"id":7212,"id_provinsi":"72","nama":"Kabupaten Morowali Utara"},{"id":7271,"id_provinsi":"72","nama":"Kota Palu"}],"73":[{"id":7301,"id_provinsi":"73","nama":"Kabupaten Kepulauan Selayar"},{"id":7302,"id_provinsi":"73","nama":"Kabupaten Bulukumba"},{"id":7303,"id_provinsi":"73","nama":"Kabupaten Bantaeng"},{"id":7304,"id_provinsi":"73","nama":"Kabupaten Jeneponto"},{"id":7305,"id_provinsi":"73","nama":"Kabupaten Takalar"},{"id":7306,"id_provinsi":"73","nama":"Kabupaten Gowa"},{"id":7307,"id_provinsi":"73","nama":"Kabupaten Sinjai"},{"id":7308,"id_provinsi":"73","nama":"Kabupaten Maros"},{"id":7309,"id_provinsi":"73","nama":"Kabupaten Pangkajene Dan Kepulauan"},{"id":7310,"id_provinsi":"73","nama":"Kabupaten Barru"},{"id":7311,"id_provinsi":"73","nama":"Kabupaten Bone"},{"id":7312,"id_provinsi":"73","nama":"Kabupaten Soppeng"},{"id":7313,"id_provinsi":"73","nama":"Kabupaten Wajo"},{"id":7314,"id_provinsi":"73","nama":"Kabupaten Sidenreng Rappang"},{"id":7315,"id_provinsi":"73","nama":"Kabupaten Pinrang"},{"id":7316,"id_provinsi":"73","nama":"Kabupaten Enrekang"},{"id":7317,"id_provinsi":"73","nama":"Kabupaten Luwu"},{"id":7318,"id_provinsi":"73","nama":"Kabupaten Tana Toraja"},{"id":7322,"id_provinsi":"73","nama":"Kabupaten Luwu Utara"},{"id":7325,"id_provinsi":"73","nama":"Kabupaten Luwu Timur"},{"id":7326,"id_provinsi":"73","nama":"Kabupaten Toraja Utara"},{"id":7371,"id_provinsi":"73","nama":"Kota Makassar"},{"id":7372,"id_provinsi":"73","nama":"Kota Parepare"},{"id":7373,"id_provinsi":"73","nama":"Kota Palopo"}],"74":[{"id":7401,"id_provinsi":"74","nama":"Kabupaten Buton"},{"id":7402,"id_provinsi":"74","nama":"Kabupaten Muna"},{"id":7403,"id_provinsi":"74","nama":"Kabupaten Konawe"},{"id":7404,"id_provinsi":"74","nama":"Kabupaten Kolaka"},{"id":7405,"id_provinsi":"74","nama":"Kabupaten Konawe Selatan"},{"id":7406,"id_provinsi":"74","nama":"Kabupaten Bombana"},{"id":7407,"id_provinsi":"74","nama":"Kabupaten Wakatobi"},{"id":7408,"id_provinsi":"74","nama":"Kabupaten Kolaka Utara"},{"id":7409,"id_provinsi":"74","nama":"Kabupaten Buton Utara"},{"id":7410,"id_provinsi":"74","nama":"Kabupaten Konawe Utara"},{"id":7411,"id_provinsi":"74","nama":"Kabupaten Kolaka Timur"},{"id":7412,"id_provinsi":"74","nama":"Kabupaten Konawe Kepulauan"},{"id":7413,"id_provinsi":"74","nama":"Kabupaten Muna Barat"},{"id":7414,"id_provinsi":"74","nama":"Kabupaten Buton Tengah"},{"id":7415,"id_provinsi":"74","nama":"Kabupaten Buton Selatan"},{"id":7471,"id_provinsi":"74","nama":"Kota Kendari"},{"id":7472,"id_provinsi":"74","nama":"Kota Baubau"}],"75":[{"id":7501,"id_provinsi":"75","nama":"Kabupaten Boalemo"},{"id":7502,"id_provinsi":"75","nama":"Kabupaten Gorontalo"},{"id":7503,"id_provinsi":"75","nama":"Kabupaten Pohuwato"},{"id":7504,"id_provinsi":"75","nama":"Kabupaten Bone Bolango"},{"id":7505,"id_provinsi":"75","nama":"Kabupaten Gorontalo Utara"},{"id":7571,"id_provinsi":"75","nama":"Kota Gorontalo"}],"76":[{"id":7601,"id_provinsi":"76","nama":"Kabupaten Majene"},{"id":7602,"id_provinsi":"76","nama":"Kabupaten Polewali Mandar"},{"id":7603,"id_provinsi":"76","nama":"Kabupaten Mamasa"},{"id":7604,"id_provinsi":"76","nama":"Kabupaten Mamuju"},{"id":7605,"id_provinsi":"76","nama":"Kabupaten Mamuju Utara"},{"id":7606,"id_provinsi":"76","nama":"Kabupaten Mamuju Tengah"}],"81":[{"id":8101,"id_provinsi":"81","nama":"Kabupaten Maluku Tenggara Barat"},{"id":8102,"id_provinsi":"81","nama":"Kabupaten Maluku Tenggara"},{"id":8103,"id_provinsi":"81","nama":"Kabupaten Maluku Tengah"},{"id":8104,"id_provinsi":"81","nama":"Kabupaten Buru"},{"id":8105,"id_provinsi":"81","nama":"Kabupaten Kepulauan Aru"},{"id":8106,"id_provinsi":"81","nama":"Kabupaten Seram Bagian Barat"},{"id":8107,"id_provinsi":"81","nama":"Kabupaten Seram Bagian Timur"},{"id":8108,"id_provinsi":"81","nama":"Kabupaten Maluku Barat Daya"},{"id":8109,"id_provinsi":"81","nama":"Kabupaten Buru Selatan"},{"id":8171,"id_provinsi":"81","nama":"Kota Ambon"},{"id":8172,"id_provinsi":"81","nama":"Kota Tual"}],"82":[{"id":8201,"id_provinsi":"82","nama":"Kabupaten Halmahera Barat"},{"id":8202,"id_provinsi":"82","nama":"Kabupaten Halmahera Tengah"},{"id":8203,"id_provinsi":"82","nama":"Kabupaten Kepulauan Sula"},{"id":8204,"id_provinsi":"82","nama":"Kabupaten Halmahera Selatan"},{"id":8205,"id_provinsi":"82","nama":"Kabupaten Halmahera Utara"},{"id":8206,"id_provinsi":"82","nama":"Kabupaten Halmahera Timur"},{"id":8207,"id_provinsi":"82","nama":"Kabupaten Pulau Morotai"},{"id":8208,"id_provinsi":"82","nama":"Kabupaten Pulau Taliabu"},{"id":8271,"id_provinsi":"82","nama":"Kota Ternate"},{"id":8272,"id_provinsi":"82","nama":"Kota Tidore Kepulauan"}],"91":[{"id":9101,"id_provinsi":"91","nama":"Kabupaten Fakfak"},{"id":9102,"id_provinsi":"91","nama":"Kabupaten Kaimana"},{"id":9103,"id_provinsi":"91","nama":"Kabupaten Teluk Wondama"},{"id":9104,"id_provinsi":"91","nama":"Kabupaten Teluk Bintuni"},{"id":9105,"id_provinsi":"91","nama":"Kabupaten Manokwari"},{"id":9106,"id_provinsi":"91","nama":"Kabupaten Sorong Selatan"},{"id":9107,"id_provinsi":"91","nama":"Kabupaten Sorong"},{"id":9108,"id_provinsi":"91","nama":"Kabupaten Raja Ampat"},{"id":9109,"id_provinsi":"91","nama":"Kabupaten Tambrauw"},{"id":9110,"id_provinsi":"91","nama":"Kabupaten Maybrat"},{"id":9111,"id_provinsi":"91","nama":"Kabupaten Manokwari Selatan"},{"id":9112,"id_provinsi":"91","nama":"Kabupaten Pegunungan Arfak"},{"id":9171,"id_provinsi":"91","nama":"Kota Sorong"}],"94":[{"id":9401,"id_provinsi":"94","nama":"Kabupaten Merauke"},{"id":9402,"id_provinsi":"94","nama":"Kabupaten Jayawijaya"},{"id":9403,"id_provinsi":"94","nama":"Kabupaten Jayapura"},{"id":9404,"id_provinsi":"94","nama":"Kabupaten Nabire"},{"id":9408,"id_provinsi":"94","nama":"Kabupaten Kepulauan Yapen"},{"id":9409,"id_provinsi":"94","nama":"Kabupaten Biak Numfor"},{"id":9410,"id_provinsi":"94","nama":"Kabupaten Paniai"},{"id":9411,"id_provinsi":"94","nama":"Kabupaten Puncak Jaya"},{"id":9412,"id_provinsi":"94","nama":"Kabupaten Mimika"},{"id":9413,"id_provinsi":"94","nama":"Kabupaten Boven Digoel"},{"id":9414,"id_provinsi":"94","nama":"Kabupaten Mappi"},{"id":9415,"id_provinsi":"94","nama":"Kabupaten Asmat"},{"id":9416,"id_provinsi":"94","nama":"Kabupaten Yahukimo"},{"id":9417,"id_provinsi":"94","nama":"Kabupaten Pegunungan Bintang"},{"id":9418,"id_provinsi":"94","nama":"Kabupaten Tolikara"},{"id":9419,"id_provinsi":"94","nama":"Kabupaten Sarmi"},{"id":9420,"id_provinsi":"94","nama":"Kabupaten Keerom"},{"id":9426,"id_provinsi":"94","nama":"Kabupaten Waropen"},{"id":9427,"id_provinsi":"94","nama":"Kabupaten Supiori"},{"id":9428,"id_provinsi":"94","nama":"Kabupaten Mamberamo Raya"},{"id":9429,"id_provinsi":"94","nama":"Kabupaten Nduga"},{"id":9430,"id_provinsi":"94","nama":"Kabupaten Lanny Jaya"},{"id":9431,"id_provinsi":"94","nama":"Kabupaten Mamberamo Tengah"},{"id":9432,"id_provinsi":"94","nama":"Kabupaten Yalimo"},{"id":9433,"id_provinsi":"94","nama":"Kabupaten Puncak"},{"id":9434,"id_provinsi":"94","nama":"Kabupaten Dogiyai"},{"id":9435,"id_provinsi":"94","nama":"Kabupaten Intan Jaya"},{"id":9436,"id_provinsi":"94","nama":"Kabupaten Deiyai"},{"id":9471,"id_provinsi":"94","nama":"Kota Jayapura"}]}